Plot,treatment,ECClass,SoilZone,Field,ho,x,y,Name,sample,rand_point,layer,path
1,CON,4,1,1,1,-2.60488656,52.91556607,S001,1,,P1F1_P1,/Users/u1764794/Library/CloudStorage/OneDrive-HarperAdamsUniversity/QGIS/250 RP/Shapefiles/generated/P1F1_P1.shp
1,CON,4,1,1,2,-2.60497394,52.91555848,S002,2,,P1F1_P1,/Users/u1764794/Library/CloudStorage/OneDrive-HarperAdamsUniversity/QGIS/250 RP/Shapefiles/generated/P1F1_P1.shp
1,CON,4,1,1,3,-2.60479148,52.91547392,S003,3,,P1F1_P1,/Users/u1764794/Library/CloudStorage/OneDrive-HarperAdamsUniversity/QGIS/250 RP/Shapefiles/generated/P1F1_P1.shp
1,CON,4,1,1,4,-2.60488978,52.91546502,S004,4,,P1F1_P1,/Users/u1764794/Library/CloudStorage/OneDrive-HarperAdamsUniversity/QGIS/250 RP/Shapefiles/generated/P1F1_P1.shp
1,CON,4,1,1,5,-2.60506684,52.91552454,S005,5,,P1F1_P1,/Users/u1764794/Library/CloudStorage/OneDrive-HarperAdamsUniversity/QGIS/250 RP/Shapefiles/generated/P1F1_P1.shp
1,CON,2,2,1,6,-2.60551182,52.91533492,S006,6,,P1F1_P1,/Users/u1764794/Library/CloudStorage/OneDrive-HarperAdamsUniversity/QGIS/250 RP/Shapefiles/generated/P1F1_P1.shp
1,CON,2,2,1,7,-2.60566661,52.91532605,S007,7,,P1F1_P1,/Users/u1764794/Library/CloudStorage/OneDrive-HarperAdamsUniversity/QGIS/250 RP/Shapefiles/generated/P1F1_P1.shp
1,CON,2,2,1,8,-2.60567013,52.9151764,S008,8,,P1F1_P1,/Users/u1764794/Library/CloudStorage/OneDrive-HarperAdamsUniversity/QGIS/250 RP/Shapefiles/generated/P1F1_P1.shp
1,CON,2,2,1,9,-2.60595713,52.91525443,S009,9,,P1F1_P1,/Users/u1764794/Library/CloudStorage/OneDrive-HarperAdamsUniversity/QGIS/250 RP/Shapefiles/generated/P1F1_P1.shp
1,CON,2,2,1,10,-2.60595088,52.91512499,S010,10,,P1F1_P1,/Users/u1764794/Library/CloudStorage/OneDrive-HarperAdamsUniversity/QGIS/250 RP/Shapefiles/generated/P1F1_P1.shp
1,CON,2,3,1,11,-2.60641565,52.91510095,S011,11,,P1F1_P1,/Users/u1764794/Library/CloudStorage/OneDrive-HarperAdamsUniversity/QGIS/250 RP/Shapefiles/generated/P1F1_P1.shp
1,CON,2,3,1,12,-2.6064688,52.91506619,S012,12,,P1F1_P1,/Users/u1764794/Library/CloudStorage/OneDrive-HarperAdamsUniversity/QGIS/250 RP/Shapefiles/generated/P1F1_P1.shp
1,CON,2,3,1,13,-2.60655936,52.9149572,S013,13,,P1F1_P1,/Users/u1764794/Library/CloudStorage/OneDrive-HarperAdamsUniversity/QGIS/250 RP/Shapefiles/generated/P1F1_P1.shp
1,CON,2,3,1,14,-2.60652623,52.91491566,S014,14,,P1F1_P1,/Users/u1764794/Library/CloudStorage/OneDrive-HarperAdamsUniversity/QGIS/250 RP/Shapefiles/generated/P1F1_P1.shp
1,CON,2,3,1,15,-2.60661378,52.91489545,S015,15,,P1F1_P1,/Users/u1764794/Library/CloudStorage/OneDrive-HarperAdamsUniversity/QGIS/250 RP/Shapefiles/generated/P1F1_P1.shp
1,CON,2,4,1,16,-2.6066981,52.91500221,S016,16,,P1F1_P1,/Users/u1764794/Library/CloudStorage/OneDrive-HarperAdamsUniversity/QGIS/250 RP/Shapefiles/generated/P1F1_P1.shp
1,CON,2,4,1,17,-2.60678045,52.91497887,S017,17,,P1F1_P1,/Users/u1764794/Library/CloudStorage/OneDrive-HarperAdamsUniversity/QGIS/250 RP/Shapefiles/generated/P1F1_P1.shp
1,CON,2,4,1,18,-2.60681178,52.91491556,S018,18,,P1F1_P1,/Users/u1764794/Library/CloudStorage/OneDrive-HarperAdamsUniversity/QGIS/250 RP/Shapefiles/generated/P1F1_P1.shp
1,CON,2,4,1,19,-2.60670045,52.91486498,S019,19,,P1F1_P1,/Users/u1764794/Library/CloudStorage/OneDrive-HarperAdamsUniversity/QGIS/250 RP/Shapefiles/generated/P1F1_P1.shp
1,CON,2,4,1,20,-2.60683737,52.91486242,S020,20,,P1F1_P1,/Users/u1764794/Library/CloudStorage/OneDrive-HarperAdamsUniversity/QGIS/250 RP/Shapefiles/generated/P1F1_P1.shp
1,CON,4,5,1,22,-2.60709407,52.91479047,S021,21,,P1F1_P1,/Users/u1764794/Library/CloudStorage/OneDrive-HarperAdamsUniversity/QGIS/250 RP/Shapefiles/generated/P1F1_P1.shp
1,CON,4,5,1,21,-2.60702974,52.91474819,S022,22,,P1F1_P1,/Users/u1764794/Library/CloudStorage/OneDrive-HarperAdamsUniversity/QGIS/250 RP/Shapefiles/generated/P1F1_P1.shp
1,CON,4,5,1,23,-2.60716649,52.9147555,S023,23,,P1F1_P1,/Users/u1764794/Library/CloudStorage/OneDrive-HarperAdamsUniversity/QGIS/250 RP/Shapefiles/generated/P1F1_P1.shp
1,CON,4,5,1,24,-2.60713706,52.91470851,S024,24,,P1F1_P1,/Users/u1764794/Library/CloudStorage/OneDrive-HarperAdamsUniversity/QGIS/250 RP/Shapefiles/generated/P1F1_P1.shp
1,CON,4,5,1,25,-2.60724669,52.91468429,S025,25,,P1F1_P1,/Users/u1764794/Library/CloudStorage/OneDrive-HarperAdamsUniversity/QGIS/250 RP/Shapefiles/generated/P1F1_P1.shp
2,CA,3,5,1,1,-2.60738792,52.91492946,S026,26,10,P1F1_P2,/Users/u1764794/Library/CloudStorage/OneDrive-HarperAdamsUniversity/QGIS/250 RP/Shapefiles/generated/P1F1_P2.shp
2,CA,3,5,1,2,-2.60735183,52.91502019,S027,27,13,P1F1_P2,/Users/u1764794/Library/CloudStorage/OneDrive-HarperAdamsUniversity/QGIS/250 RP/Shapefiles/generated/P1F1_P2.shp
2,CA,3,5,1,3,-2.60723424,52.91506616,S028,28,14,P1F1_P2,/Users/u1764794/Library/CloudStorage/OneDrive-HarperAdamsUniversity/QGIS/250 RP/Shapefiles/generated/P1F1_P2.shp
2,CA,3,5,1,4,-2.60709353,52.91503636,S029,29,12,P1F1_P2,/Users/u1764794/Library/CloudStorage/OneDrive-HarperAdamsUniversity/QGIS/250 RP/Shapefiles/generated/P1F1_P2.shp
2,CA,3,5,1,5,-2.60707055,52.91509476,S030,30,11,P1F1_P2,/Users/u1764794/Library/CloudStorage/OneDrive-HarperAdamsUniversity/QGIS/250 RP/Shapefiles/generated/P1F1_P2.shp
2,CA,3,4,1,6,-2.60696931,52.91506757,S031,31,16,P1F1_P2,/Users/u1764794/Library/CloudStorage/OneDrive-HarperAdamsUniversity/QGIS/250 RP/Shapefiles/generated/P1F1_P2.shp
2,CA,3,4,1,7,-2.60679303,52.91509208,S032,32,15,P1F1_P2,/Users/u1764794/Library/CloudStorage/OneDrive-HarperAdamsUniversity/QGIS/250 RP/Shapefiles/generated/P1F1_P2.shp
2,CA,3,4,1,8,-2.60682046,52.91515785,S033,33,18,P1F1_P2,/Users/u1764794/Library/CloudStorage/OneDrive-HarperAdamsUniversity/QGIS/250 RP/Shapefiles/generated/P1F1_P2.shp
2,CA,3,4,1,9,-2.60672881,52.91520093,S034,34,19,P1F1_P2,/Users/u1764794/Library/CloudStorage/OneDrive-HarperAdamsUniversity/QGIS/250 RP/Shapefiles/generated/P1F1_P2.shp
2,CA,3,4,1,10,-2.60663752,52.91521529,S035,35,17,P1F1_P2,/Users/u1764794/Library/CloudStorage/OneDrive-HarperAdamsUniversity/QGIS/250 RP/Shapefiles/generated/P1F1_P2.shp
2,CA,3,3,1,11,-2.60659033,52.91511791,S036,36,6,P1F1_P2,/Users/u1764794/Library/CloudStorage/OneDrive-HarperAdamsUniversity/QGIS/250 RP/Shapefiles/generated/P1F1_P2.shp
2,CA,3,3,1,12,-2.60651616,52.91517271,S037,37,7,P1F1_P2,/Users/u1764794/Library/CloudStorage/OneDrive-HarperAdamsUniversity/QGIS/250 RP/Shapefiles/generated/P1F1_P2.shp
2,CA,3,3,1,13,-2.60657608,52.91527551,S038,38,8,P1F1_P2,/Users/u1764794/Library/CloudStorage/OneDrive-HarperAdamsUniversity/QGIS/250 RP/Shapefiles/generated/P1F1_P2.shp
2,CA,3,3,1,14,-2.60649889,52.91527881,S039,39,9,P1F1_P2,/Users/u1764794/Library/CloudStorage/OneDrive-HarperAdamsUniversity/QGIS/250 RP/Shapefiles/generated/P1F1_P2.shp
2,CA,3,3,1,15,-2.60644411,52.91520737,S040,40,5,P1F1_P2,/Users/u1764794/Library/CloudStorage/OneDrive-HarperAdamsUniversity/QGIS/250 RP/Shapefiles/generated/P1F1_P2.shp
2,CA,3,2,1,16,-2.60601317,52.9153903,S041,41,0,P1F1_P2,/Users/u1764794/Library/CloudStorage/OneDrive-HarperAdamsUniversity/QGIS/250 RP/Shapefiles/generated/P1F1_P2.shp
2,CA,3,2,1,17,-2.60561388,52.91557039,S042,42,4,P1F1_P2,/Users/u1764794/Library/CloudStorage/OneDrive-HarperAdamsUniversity/QGIS/250 RP/Shapefiles/generated/P1F1_P2.shp
2,CA,3,2,1,18,-2.60535051,52.91552987,S043,43,2,P1F1_P2,/Users/u1764794/Library/CloudStorage/OneDrive-HarperAdamsUniversity/QGIS/250 RP/Shapefiles/generated/P1F1_P2.shp
2,CA,3,2,1,19,-2.60541382,52.91564033,S044,44,1,P1F1_P2,/Users/u1764794/Library/CloudStorage/OneDrive-HarperAdamsUniversity/QGIS/250 RP/Shapefiles/generated/P1F1_P2.shp
2,CA,3,2,1,20,-2.60525669,52.91555657,S045,45,3,P1F1_P2,/Users/u1764794/Library/CloudStorage/OneDrive-HarperAdamsUniversity/QGIS/250 RP/Shapefiles/generated/P1F1_P2.shp
2,CA,5,1,1,21,-2.60538597,52.91567037,S046,46,24,P1F1_P2,/Users/u1764794/Library/CloudStorage/OneDrive-HarperAdamsUniversity/QGIS/250 RP/Shapefiles/generated/P1F1_P2.shp
2,CA,5,1,1,22,-2.60521229,52.91557684,S047,47,22,P1F1_P2,/Users/u1764794/Library/CloudStorage/OneDrive-HarperAdamsUniversity/QGIS/250 RP/Shapefiles/generated/P1F1_P2.shp
2,CA,5,1,1,23,-2.60519641,52.91562634,S048,48,21,P1F1_P2,/Users/u1764794/Library/CloudStorage/OneDrive-HarperAdamsUniversity/QGIS/250 RP/Shapefiles/generated/P1F1_P2.shp
2,CA,5,1,1,24,-2.60523288,52.91566748,S049,49,23,P1F1_P2,/Users/u1764794/Library/CloudStorage/OneDrive-HarperAdamsUniversity/QGIS/250 RP/Shapefiles/generated/P1F1_P2.shp
2,CA,5,1,1,25,-2.60515598,52.91568516,S050,50,20,P1F1_P2,/Users/u1764794/Library/CloudStorage/OneDrive-HarperAdamsUniversity/QGIS/250 RP/Shapefiles/generated/P1F1_P2.shp
3,CON,6,1,1,1,-2.60531422,52.91581217,S051,51,0,P1F1_P3,/Users/u1764794/Library/CloudStorage/OneDrive-HarperAdamsUniversity/QGIS/250 RP/Shapefiles/generated/P1F1_P3.shp
3,CON,6,1,1,2,-2.60537715,52.91592294,S052,52,3,P1F1_P3,/Users/u1764794/Library/CloudStorage/OneDrive-HarperAdamsUniversity/QGIS/250 RP/Shapefiles/generated/P1F1_P3.shp
3,CON,6,1,1,3,-2.60544816,52.9158925,S053,53,4,P1F1_P3,/Users/u1764794/Library/CloudStorage/OneDrive-HarperAdamsUniversity/QGIS/250 RP/Shapefiles/generated/P1F1_P3.shp
3,CON,6,1,1,4,-2.60549687,52.91580794,S054,54,2,P1F1_P3,/Users/u1764794/Library/CloudStorage/OneDrive-HarperAdamsUniversity/QGIS/250 RP/Shapefiles/generated/P1F1_P3.shp
3,CON,6,1,1,5,-2.60541821,52.91573293,S055,55,1,P1F1_P3,/Users/u1764794/Library/CloudStorage/OneDrive-HarperAdamsUniversity/QGIS/250 RP/Shapefiles/generated/P1F1_P3.shp
3,CON,3,2,1,6,-2.60548304,52.91570896,S056,56,5,P1F1_P3,/Users/u1764794/Library/CloudStorage/OneDrive-HarperAdamsUniversity/QGIS/250 RP/Shapefiles/generated/P1F1_P3.shp
3,CON,3,2,1,7,-2.60567396,52.91566308,S057,57,8,P1F1_P3,/Users/u1764794/Library/CloudStorage/OneDrive-HarperAdamsUniversity/QGIS/250 RP/Shapefiles/generated/P1F1_P3.shp
3,CON,3,2,1,8,-2.60615086,52.91567413,S058,58,7,P1F1_P3,/Users/u1764794/Library/CloudStorage/OneDrive-HarperAdamsUniversity/QGIS/250 RP/Shapefiles/generated/P1F1_P3.shp
3,CON,3,2,1,9,-2.60610615,52.91554159,S059,59,6,P1F1_P3,/Users/u1764794/Library/CloudStorage/OneDrive-HarperAdamsUniversity/QGIS/250 RP/Shapefiles/generated/P1F1_P3.shp
3,CON,3,2,1,10,-2.60629605,52.91557253,S060,60,9,P1F1_P3,/Users/u1764794/Library/CloudStorage/OneDrive-HarperAdamsUniversity/QGIS/250 RP/Shapefiles/generated/P1F1_P3.shp
3,CON,3,3,1,11,-2.6065405,52.91549129,S061,61,14,P1F1_P3,/Users/u1764794/Library/CloudStorage/OneDrive-HarperAdamsUniversity/QGIS/250 RP/Shapefiles/generated/P1F1_P3.shp
3,CON,3,3,1,12,-2.60666284,52.9154939,S062,62,11,P1F1_P3,/Users/u1764794/Library/CloudStorage/OneDrive-HarperAdamsUniversity/QGIS/250 RP/Shapefiles/generated/P1F1_P3.shp
3,CON,3,3,1,13,-2.60658177,52.91544461,S063,63,10,P1F1_P3,/Users/u1764794/Library/CloudStorage/OneDrive-HarperAdamsUniversity/QGIS/250 RP/Shapefiles/generated/P1F1_P3.shp
3,CON,3,3,1,14,-2.60650305,52.91539601,S064,64,13,P1F1_P3,/Users/u1764794/Library/CloudStorage/OneDrive-HarperAdamsUniversity/QGIS/250 RP/Shapefiles/generated/P1F1_P3.shp
3,CON,3,3,1,15,-2.60660559,52.91539399,S065,65,12,P1F1_P3,/Users/u1764794/Library/CloudStorage/OneDrive-HarperAdamsUniversity/QGIS/250 RP/Shapefiles/generated/P1F1_P3.shp
3,CON,9,4,1,16,-2.60668698,52.91540406,S066,66,22,P1F1_P3,/Users/u1764794/Library/CloudStorage/OneDrive-HarperAdamsUniversity/QGIS/250 RP/Shapefiles/generated/P1F1_P3.shp
3,CON,9,4,1,17,-2.60676275,52.91543045,S067,67,21,P1F1_P3,/Users/u1764794/Library/CloudStorage/OneDrive-HarperAdamsUniversity/QGIS/250 RP/Shapefiles/generated/P1F1_P3.shp
3,CON,9,4,1,18,-2.60684643,52.91536374,S068,68,24,P1F1_P3,/Users/u1764794/Library/CloudStorage/OneDrive-HarperAdamsUniversity/QGIS/250 RP/Shapefiles/generated/P1F1_P3.shp
3,CON,9,4,1,19,-2.6068616,52.91528371,S069,69,20,P1F1_P3,/Users/u1764794/Library/CloudStorage/OneDrive-HarperAdamsUniversity/QGIS/250 RP/Shapefiles/generated/P1F1_P3.shp
3,CON,9,4,1,20,-2.60692482,52.91524259,S070,70,23,P1F1_P3,/Users/u1764794/Library/CloudStorage/OneDrive-HarperAdamsUniversity/QGIS/250 RP/Shapefiles/generated/P1F1_P3.shp
3,CON,9,5,1,21,-2.60699426,52.91528594,S071,71,15,P1F1_P3,/Users/u1764794/Library/CloudStorage/OneDrive-HarperAdamsUniversity/QGIS/250 RP/Shapefiles/generated/P1F1_P3.shp
3,CON,9,5,1,22,-2.60706456,52.91533377,S072,72,19,P1F1_P3,/Users/u1764794/Library/CloudStorage/OneDrive-HarperAdamsUniversity/QGIS/250 RP/Shapefiles/generated/P1F1_P3.shp
3,CON,9,5,1,23,-2.60705933,52.91526203,S073,73,17,P1F1_P3,/Users/u1764794/Library/CloudStorage/OneDrive-HarperAdamsUniversity/QGIS/250 RP/Shapefiles/generated/P1F1_P3.shp
3,CON,9,5,1,24,-2.60744951,52.91510206,S074,74,16,P1F1_P3,/Users/u1764794/Library/CloudStorage/OneDrive-HarperAdamsUniversity/QGIS/250 RP/Shapefiles/generated/P1F1_P3.shp
3,CON,9,5,1,25,-2.60760248,52.91514332,S075,75,18,P1F1_P3,/Users/u1764794/Library/CloudStorage/OneDrive-HarperAdamsUniversity/QGIS/250 RP/Shapefiles/generated/P1F1_P3.shp
4,CA,8,5,1,,-2.60712979,52.91548966,S076,76,9,P1F1_P4,/Users/u1764794/Library/CloudStorage/OneDrive-HarperAdamsUniversity/QGIS/250 RP/Shapefiles/generated/P1F1_P4.shp
4,CA,8,5,1,,-2.60712599,52.9155262,S077,77,6,P1F1_P4,/Users/u1764794/Library/CloudStorage/OneDrive-HarperAdamsUniversity/QGIS/250 RP/Shapefiles/generated/P1F1_P4.shp
4,CA,8,5,1,,-2.60692161,52.91559476,S078,78,5,P1F1_P4,/Users/u1764794/Library/CloudStorage/OneDrive-HarperAdamsUniversity/QGIS/250 RP/Shapefiles/generated/P1F1_P4.shp
4,CA,8,5,1,,-2.60691378,52.91562443,S079,79,7,P1F1_P4,/Users/u1764794/Library/CloudStorage/OneDrive-HarperAdamsUniversity/QGIS/250 RP/Shapefiles/generated/P1F1_P4.shp
4,CA,8,5,1,,-2.60687528,52.91552014,S080,80,8,P1F1_P4,/Users/u1764794/Library/CloudStorage/OneDrive-HarperAdamsUniversity/QGIS/250 RP/Shapefiles/generated/P1F1_P4.shp
4,CA,6,4,1,,-2.60681713,52.91553725,S081,81,13,P1F1_P4,/Users/u1764794/Library/CloudStorage/OneDrive-HarperAdamsUniversity/QGIS/250 RP/Shapefiles/generated/P1F1_P4.shp
4,CA,6,4,1,,-2.60681679,52.9155877,S082,82,12,P1F1_P4,/Users/u1764794/Library/CloudStorage/OneDrive-HarperAdamsUniversity/QGIS/250 RP/Shapefiles/generated/P1F1_P4.shp
4,CA,6,4,1,,-2.6067956,52.91561594,S083,83,10,P1F1_P4,/Users/u1764794/Library/CloudStorage/OneDrive-HarperAdamsUniversity/QGIS/250 RP/Shapefiles/generated/P1F1_P4.shp
4,CA,6,4,1,,-2.60688022,52.91564199,S084,84,14,P1F1_P4,/Users/u1764794/Library/CloudStorage/OneDrive-HarperAdamsUniversity/QGIS/250 RP/Shapefiles/generated/P1F1_P4.shp
4,CA,6,4,1,,-2.60672701,52.91556928,S085,85,11,P1F1_P4,/Users/u1764794/Library/CloudStorage/OneDrive-HarperAdamsUniversity/QGIS/250 RP/Shapefiles/generated/P1F1_P4.shp
4,CA,5,3,1,,-2.60675248,52.91566069,S086,86,16,P1F1_P4,/Users/u1764794/Library/CloudStorage/OneDrive-HarperAdamsUniversity/QGIS/250 RP/Shapefiles/generated/P1F1_P4.shp
4,CA,5,3,1,,-2.60675178,52.9157038,S087,87,18,P1F1_P4,/Users/u1764794/Library/CloudStorage/OneDrive-HarperAdamsUniversity/QGIS/250 RP/Shapefiles/generated/P1F1_P4.shp
4,CA,5,3,1,,-2.60665621,52.91568972,S088,88,15,P1F1_P4,/Users/u1764794/Library/CloudStorage/OneDrive-HarperAdamsUniversity/QGIS/250 RP/Shapefiles/generated/P1F1_P4.shp
4,CA,5,3,1,,-2.60659353,52.91565821,S089,89,17,P1F1_P4,/Users/u1764794/Library/CloudStorage/OneDrive-HarperAdamsUniversity/QGIS/250 RP/Shapefiles/generated/P1F1_P4.shp
4,CA,5,3,1,,-2.60658673,52.91560927,S090,90,19,P1F1_P4,/Users/u1764794/Library/CloudStorage/OneDrive-HarperAdamsUniversity/QGIS/250 RP/Shapefiles/generated/P1F1_P4.shp
4,CA,4,2,1,,-2.60650886,52.91563081,S091,91,23,P1F1_P4,/Users/u1764794/Library/CloudStorage/OneDrive-HarperAdamsUniversity/QGIS/250 RP/Shapefiles/generated/P1F1_P4.shp
4,CA,4,2,1,,-2.6063768,52.9157305,S092,92,21,P1F1_P4,/Users/u1764794/Library/CloudStorage/OneDrive-HarperAdamsUniversity/QGIS/250 RP/Shapefiles/generated/P1F1_P4.shp
4,CA,4,2,1,,-2.60623007,52.91576262,S093,93,22,P1F1_P4,/Users/u1764794/Library/CloudStorage/OneDrive-HarperAdamsUniversity/QGIS/250 RP/Shapefiles/generated/P1F1_P4.shp
4,CA,4,2,1,,-2.6062584,52.91581664,S094,94,24,P1F1_P4,/Users/u1764794/Library/CloudStorage/OneDrive-HarperAdamsUniversity/QGIS/250 RP/Shapefiles/generated/P1F1_P4.shp
4,CA,4,2,1,,-2.6061326,52.91575823,S095,95,20,P1F1_P4,/Users/u1764794/Library/CloudStorage/OneDrive-HarperAdamsUniversity/QGIS/250 RP/Shapefiles/generated/P1F1_P4.shp
4,CA,6,1,1,,-2.60560688,52.91603044,S096,96,2,P1F1_P4,/Users/u1764794/Library/CloudStorage/OneDrive-HarperAdamsUniversity/QGIS/250 RP/Shapefiles/generated/P1F1_P4.shp
4,CA,6,1,1,,-2.60544328,52.91599019,S097,97,4,P1F1_P4,/Users/u1764794/Library/CloudStorage/OneDrive-HarperAdamsUniversity/QGIS/250 RP/Shapefiles/generated/P1F1_P4.shp
4,CA,6,1,1,,-2.60552424,52.91610686,S098,98,1,P1F1_P4,/Users/u1764794/Library/CloudStorage/OneDrive-HarperAdamsUniversity/QGIS/250 RP/Shapefiles/generated/P1F1_P4.shp
4,CA,6,1,1,,-2.60548118,52.91612415,S099,99,3,P1F1_P4,/Users/u1764794/Library/CloudStorage/OneDrive-HarperAdamsUniversity/QGIS/250 RP/Shapefiles/generated/P1F1_P4.shp
4,CA,6,1,1,,-2.60542672,52.91609949,S100,100,0,P1F1_P4,/Users/u1764794/Library/CloudStorage/OneDrive-HarperAdamsUniversity/QGIS/250 RP/Shapefiles/generated/P1F1_P4.shp
5,CON,6,1,1,,-2.60556624,52.91618868,S101,101,2,P1F1_P5,/Users/u1764794/Library/CloudStorage/OneDrive-HarperAdamsUniversity/QGIS/250 RP/Shapefiles/generated/P1F1_P5.shp
5,CON,6,1,1,,-2.6056351,52.91621,S102,102,3,P1F1_P5,/Users/u1764794/Library/CloudStorage/OneDrive-HarperAdamsUniversity/QGIS/250 RP/Shapefiles/generated/P1F1_P5.shp
5,CON,6,1,1,,-2.60568222,52.91628565,S103,103,0,P1F1_P5,/Users/u1764794/Library/CloudStorage/OneDrive-HarperAdamsUniversity/QGIS/250 RP/Shapefiles/generated/P1F1_P5.shp
5,CON,6,1,1,,-2.60577443,52.91615824,S104,104,1,P1F1_P5,/Users/u1764794/Library/CloudStorage/OneDrive-HarperAdamsUniversity/QGIS/250 RP/Shapefiles/generated/P1F1_P5.shp
5,CON,6,1,1,,-2.60581808,52.91614396,S105,105,4,P1F1_P5,/Users/u1764794/Library/CloudStorage/OneDrive-HarperAdamsUniversity/QGIS/250 RP/Shapefiles/generated/P1F1_P5.shp
5,CON,4,2,1,,-2.6060596,52.91617142,S106,106,22,P1F1_P5,/Users/u1764794/Library/CloudStorage/OneDrive-HarperAdamsUniversity/QGIS/250 RP/Shapefiles/generated/P1F1_P5.shp
5,CON,4,2,1,,-2.60608598,52.91610672,S107,107,24,P1F1_P5,/Users/u1764794/Library/CloudStorage/OneDrive-HarperAdamsUniversity/QGIS/250 RP/Shapefiles/generated/P1F1_P5.shp
5,CON,4,2,1,,-2.60628992,52.91602946,S108,108,20,P1F1_P5,/Users/u1764794/Library/CloudStorage/OneDrive-HarperAdamsUniversity/QGIS/250 RP/Shapefiles/generated/P1F1_P5.shp
5,CON,4,2,1,,-2.606334,52.91608546,S109,109,21,P1F1_P5,/Users/u1764794/Library/CloudStorage/OneDrive-HarperAdamsUniversity/QGIS/250 RP/Shapefiles/generated/P1F1_P5.shp
5,CON,4,2,1,,-2.6063992,52.91596317,S110,110,23,P1F1_P5,/Users/u1764794/Library/CloudStorage/OneDrive-HarperAdamsUniversity/QGIS/250 RP/Shapefiles/generated/P1F1_P5.shp
5,CON,5,3,1,,-2.6065999,52.91592305,S111,111,16,P1F1_P5,/Users/u1764794/Library/CloudStorage/OneDrive-HarperAdamsUniversity/QGIS/250 RP/Shapefiles/generated/P1F1_P5.shp
5,CON,5,3,1,,-2.60679023,52.91592118,S112,112,17,P1F1_P5,/Users/u1764794/Library/CloudStorage/OneDrive-HarperAdamsUniversity/QGIS/250 RP/Shapefiles/generated/P1F1_P5.shp
5,CON,5,3,1,,-2.60673706,52.91585306,S113,113,18,P1F1_P5,/Users/u1764794/Library/CloudStorage/OneDrive-HarperAdamsUniversity/QGIS/250 RP/Shapefiles/generated/P1F1_P5.shp
5,CON,5,3,1,,-2.60684083,52.91587669,S114,114,15,P1F1_P5,/Users/u1764794/Library/CloudStorage/OneDrive-HarperAdamsUniversity/QGIS/250 RP/Shapefiles/generated/P1F1_P5.shp
5,CON,5,3,1,,-2.60690345,52.91586757,S115,115,19,P1F1_P5,/Users/u1764794/Library/CloudStorage/OneDrive-HarperAdamsUniversity/QGIS/250 RP/Shapefiles/generated/P1F1_P5.shp
5,CON,6,4,1,,-2.60692782,52.91582384,S116,116,12,P1F1_P5,/Users/u1764794/Library/CloudStorage/OneDrive-HarperAdamsUniversity/QGIS/250 RP/Shapefiles/generated/P1F1_P5.shp
5,CON,6,4,1,,-2.60698038,52.91580384,S117,117,14,P1F1_P5,/Users/u1764794/Library/CloudStorage/OneDrive-HarperAdamsUniversity/QGIS/250 RP/Shapefiles/generated/P1F1_P5.shp
5,CON,6,4,1,,-2.60703627,52.91583858,S118,118,10,P1F1_P5,/Users/u1764794/Library/CloudStorage/OneDrive-HarperAdamsUniversity/QGIS/250 RP/Shapefiles/generated/P1F1_P5.shp
5,CON,6,4,1,,-2.60699939,52.91577551,S119,119,11,P1F1_P5,/Users/u1764794/Library/CloudStorage/OneDrive-HarperAdamsUniversity/QGIS/250 RP/Shapefiles/generated/P1F1_P5.shp
5,CON,6,4,1,,-2.6069793,52.91575125,S120,120,13,P1F1_P5,/Users/u1764794/Library/CloudStorage/OneDrive-HarperAdamsUniversity/QGIS/250 RP/Shapefiles/generated/P1F1_P5.shp
5,CON,7,5,1,,-2.60701355,52.91575207,S121,121,6,P1F1_P5,/Users/u1764794/Library/CloudStorage/OneDrive-HarperAdamsUniversity/QGIS/250 RP/Shapefiles/generated/P1F1_P5.shp
5,CON,7,5,1,,-2.60715622,52.91573972,S122,122,5,P1F1_P5,/Users/u1764794/Library/CloudStorage/OneDrive-HarperAdamsUniversity/QGIS/250 RP/Shapefiles/generated/P1F1_P5.shp
5,CON,7,5,1,,-2.60719612,52.91569916,S123,123,9,P1F1_P5,/Users/u1764794/Library/CloudStorage/OneDrive-HarperAdamsUniversity/QGIS/250 RP/Shapefiles/generated/P1F1_P5.shp
5,CON,7,5,1,,-2.60709491,52.91566955,S124,124,7,P1F1_P5,/Users/u1764794/Library/CloudStorage/OneDrive-HarperAdamsUniversity/QGIS/250 RP/Shapefiles/generated/P1F1_P5.shp
5,CON,7,5,1,,-2.60729585,52.9156389,S125,125,8,P1F1_P5,/Users/u1764794/Library/CloudStorage/OneDrive-HarperAdamsUniversity/QGIS/250 RP/Shapefiles/generated/P1F1_P5.shp
6,CA,8,5,1,,-2.60776209,52.91580854,S126,126,14,P1F1_P6,/Users/u1764794/Library/CloudStorage/OneDrive-HarperAdamsUniversity/QGIS/250 RP/Shapefiles/generated/P1F1_P6.shp
6,CA,8,5,1,,-2.60758471,52.91579316,S127,127,10,P1F1_P6,/Users/u1764794/Library/CloudStorage/OneDrive-HarperAdamsUniversity/QGIS/250 RP/Shapefiles/generated/P1F1_P6.shp
6,CA,8,5,1,,-2.60759847,52.91583977,S128,128,12,P1F1_P6,/Users/u1764794/Library/CloudStorage/OneDrive-HarperAdamsUniversity/QGIS/250 RP/Shapefiles/generated/P1F1_P6.shp
6,CA,8,5,1,,-2.60748254,52.91582038,S129,129,11,P1F1_P6,/Users/u1764794/Library/CloudStorage/OneDrive-HarperAdamsUniversity/QGIS/250 RP/Shapefiles/generated/P1F1_P6.shp
6,CA,8,5,1,,-2.60742941,52.91593891,S130,130,13,P1F1_P6,/Users/u1764794/Library/CloudStorage/OneDrive-HarperAdamsUniversity/QGIS/250 RP/Shapefiles/generated/P1F1_P6.shp
6,CA,6,4,1,,-2.60735913,52.9159783,S131,131,17,P1F1_P6,/Users/u1764794/Library/CloudStorage/OneDrive-HarperAdamsUniversity/QGIS/250 RP/Shapefiles/generated/P1F1_P6.shp
6,CA,6,4,1,,-2.60714795,52.91598026,S132,132,19,P1F1_P6,/Users/u1764794/Library/CloudStorage/OneDrive-HarperAdamsUniversity/QGIS/250 RP/Shapefiles/generated/P1F1_P6.shp
6,CA,6,4,1,,-2.60708409,52.91592638,S133,133,15,P1F1_P6,/Users/u1764794/Library/CloudStorage/OneDrive-HarperAdamsUniversity/QGIS/250 RP/Shapefiles/generated/P1F1_P6.shp
6,CA,6,4,1,,-2.60703878,52.91597706,S134,134,16,P1F1_P6,/Users/u1764794/Library/CloudStorage/OneDrive-HarperAdamsUniversity/QGIS/250 RP/Shapefiles/generated/P1F1_P6.shp
6,CA,6,4,1,,-2.60713123,52.91602907,S135,135,18,P1F1_P6,/Users/u1764794/Library/CloudStorage/OneDrive-HarperAdamsUniversity/QGIS/250 RP/Shapefiles/generated/P1F1_P6.shp
6,CA,5,3,1,,-2.60691328,52.91605611,S136,136,23,P1F1_P6,/Users/u1764794/Library/CloudStorage/OneDrive-HarperAdamsUniversity/QGIS/250 RP/Shapefiles/generated/P1F1_P6.shp
6,CA,5,3,1,,-2.60687383,52.9160128,S137,137,21,P1F1_P6,/Users/u1764794/Library/CloudStorage/OneDrive-HarperAdamsUniversity/QGIS/250 RP/Shapefiles/generated/P1F1_P6.shp
6,CA,5,3,1,,-2.60699111,52.91607075,S138,138,24,P1F1_P6,/Users/u1764794/Library/CloudStorage/OneDrive-HarperAdamsUniversity/QGIS/250 RP/Shapefiles/generated/P1F1_P6.shp
6,CA,5,3,1,,-2.60695162,52.91610936,S139,139,22,P1F1_P6,/Users/u1764794/Library/CloudStorage/OneDrive-HarperAdamsUniversity/QGIS/250 RP/Shapefiles/generated/P1F1_P6.shp
6,CA,5,3,1,,-2.60680739,52.91611053,S140,140,20,P1F1_P6,/Users/u1764794/Library/CloudStorage/OneDrive-HarperAdamsUniversity/QGIS/250 RP/Shapefiles/generated/P1F1_P6.shp
6,CA,4,2,1,,-2.60649009,52.91622046,S141,141,9,P1F1_P6,/Users/u1764794/Library/CloudStorage/OneDrive-HarperAdamsUniversity/QGIS/250 RP/Shapefiles/generated/P1F1_P6.shp
6,CA,4,2,1,,-2.60639111,52.91623515,S142,142,6,P1F1_P6,/Users/u1764794/Library/CloudStorage/OneDrive-HarperAdamsUniversity/QGIS/250 RP/Shapefiles/generated/P1F1_P6.shp
6,CA,4,2,1,,-2.60630739,52.91621605,S143,143,5,P1F1_P6,/Users/u1764794/Library/CloudStorage/OneDrive-HarperAdamsUniversity/QGIS/250 RP/Shapefiles/generated/P1F1_P6.shp
6,CA,4,2,1,,-2.60620744,52.91624363,S144,144,7,P1F1_P6,/Users/u1764794/Library/CloudStorage/OneDrive-HarperAdamsUniversity/QGIS/250 RP/Shapefiles/generated/P1F1_P6.shp
6,CA,4,2,1,,-2.60600544,52.91627966,S145,145,8,P1F1_P6,/Users/u1764794/Library/CloudStorage/OneDrive-HarperAdamsUniversity/QGIS/250 RP/Shapefiles/generated/P1F1_P6.shp
6,CA,4,1,1,,-2.60589921,52.91632271,S146,146,0,P1F1_P6,/Users/u1764794/Library/CloudStorage/OneDrive-HarperAdamsUniversity/QGIS/250 RP/Shapefiles/generated/P1F1_P6.shp
6,CA,4,1,1,,-2.60586506,52.91641482,S147,147,2,P1F1_P6,/Users/u1764794/Library/CloudStorage/OneDrive-HarperAdamsUniversity/QGIS/250 RP/Shapefiles/generated/P1F1_P6.shp
6,CA,4,1,1,,-2.60594246,52.91642491,S148,148,3,P1F1_P6,/Users/u1764794/Library/CloudStorage/OneDrive-HarperAdamsUniversity/QGIS/250 RP/Shapefiles/generated/P1F1_P6.shp
6,CA,4,1,1,,-2.60576262,52.91634837,S149,149,4,P1F1_P6,/Users/u1764794/Library/CloudStorage/OneDrive-HarperAdamsUniversity/QGIS/250 RP/Shapefiles/generated/P1F1_P6.shp
6,CA,4,1,1,,-2.60581318,52.9164855,S150,150,1,P1F1_P6,/Users/u1764794/Library/CloudStorage/OneDrive-HarperAdamsUniversity/QGIS/250 RP/Shapefiles/generated/P1F1_P6.shp
7,CA,7,1,,,-2.60831096,52.91462994,S151,151,14,P1f2_Plot_1,/Users/u1764794/Library/CloudStorage/OneDrive-HarperAdamsUniversity/QGIS/250 RP/Shapefiles/generated/P1f2_Plot_1.shp
7,CA,7,1,,,-2.6082695,52.91458112,S152,152,12,P1f2_Plot_1,/Users/u1764794/Library/CloudStorage/OneDrive-HarperAdamsUniversity/QGIS/250 RP/Shapefiles/generated/P1f2_Plot_1.shp
7,CA,7,1,,,-2.60840888,52.91450375,S153,153,11,P1f2_Plot_1,/Users/u1764794/Library/CloudStorage/OneDrive-HarperAdamsUniversity/QGIS/250 RP/Shapefiles/generated/P1f2_Plot_1.shp
7,CA,7,1,,,-2.60833057,52.91447029,S154,154,10,P1f2_Plot_1,/Users/u1764794/Library/CloudStorage/OneDrive-HarperAdamsUniversity/QGIS/250 RP/Shapefiles/generated/P1f2_Plot_1.shp
7,CA,7,1,,,-2.6085785,52.91444573,S155,155,13,P1f2_Plot_1,/Users/u1764794/Library/CloudStorage/OneDrive-HarperAdamsUniversity/QGIS/250 RP/Shapefiles/generated/P1f2_Plot_1.shp
7,CA,7,2,,,-2.6086626,52.91444015,S156,156,18,P1f2_Plot_1,/Users/u1764794/Library/CloudStorage/OneDrive-HarperAdamsUniversity/QGIS/250 RP/Shapefiles/generated/P1f2_Plot_1.shp
7,CA,7,2,,,-2.60871525,52.91440127,S157,157,19,P1f2_Plot_1,/Users/u1764794/Library/CloudStorage/OneDrive-HarperAdamsUniversity/QGIS/250 RP/Shapefiles/generated/P1f2_Plot_1.shp
7,CA,7,2,,,-2.60876278,52.91428819,S158,158,15,P1f2_Plot_1,/Users/u1764794/Library/CloudStorage/OneDrive-HarperAdamsUniversity/QGIS/250 RP/Shapefiles/generated/P1f2_Plot_1.shp
7,CA,7,2,,,-2.60906677,52.91420252,S159,159,16,P1f2_Plot_1,/Users/u1764794/Library/CloudStorage/OneDrive-HarperAdamsUniversity/QGIS/250 RP/Shapefiles/generated/P1f2_Plot_1.shp
7,CA,7,2,,,-2.60895418,52.91415153,S160,160,17,P1f2_Plot_1,/Users/u1764794/Library/CloudStorage/OneDrive-HarperAdamsUniversity/QGIS/250 RP/Shapefiles/generated/P1f2_Plot_1.shp
7,CA,4,3,,,-2.6091178,52.91424757,S161,161,21,P1f2_Plot_1,/Users/u1764794/Library/CloudStorage/OneDrive-HarperAdamsUniversity/QGIS/250 RP/Shapefiles/generated/P1f2_Plot_1.shp
7,CA,4,3,,,-2.60928176,52.91408653,S162,162,24,P1f2_Plot_1,/Users/u1764794/Library/CloudStorage/OneDrive-HarperAdamsUniversity/QGIS/250 RP/Shapefiles/generated/P1f2_Plot_1.shp
7,CA,4,3,,,-2.60952667,52.91398343,S163,163,22,P1f2_Plot_1,/Users/u1764794/Library/CloudStorage/OneDrive-HarperAdamsUniversity/QGIS/250 RP/Shapefiles/generated/P1f2_Plot_1.shp
7,CA,4,3,,,-2.60943196,52.91393883,S164,164,23,P1f2_Plot_1,/Users/u1764794/Library/CloudStorage/OneDrive-HarperAdamsUniversity/QGIS/250 RP/Shapefiles/generated/P1f2_Plot_1.shp
7,CA,4,3,,,-2.60950852,52.9140496,S165,165,20,P1f2_Plot_1,/Users/u1764794/Library/CloudStorage/OneDrive-HarperAdamsUniversity/QGIS/250 RP/Shapefiles/generated/P1f2_Plot_1.shp
7,CA,4,4,,,-2.60978347,52.91384951,S166,166,6,P1f2_Plot_1,/Users/u1764794/Library/CloudStorage/OneDrive-HarperAdamsUniversity/QGIS/250 RP/Shapefiles/generated/P1f2_Plot_1.shp
7,CA,4,4,,,-2.60992644,52.9137257,S167,167,8,P1f2_Plot_1,/Users/u1764794/Library/CloudStorage/OneDrive-HarperAdamsUniversity/QGIS/250 RP/Shapefiles/generated/P1f2_Plot_1.shp
7,CA,4,4,,,-2.61093906,52.91330152,S168,168,7,P1f2_Plot_1,/Users/u1764794/Library/CloudStorage/OneDrive-HarperAdamsUniversity/QGIS/250 RP/Shapefiles/generated/P1f2_Plot_1.shp
7,CA,4,4,,,-2.61100026,52.91318995,S169,169,5,P1f2_Plot_1,/Users/u1764794/Library/CloudStorage/OneDrive-HarperAdamsUniversity/QGIS/250 RP/Shapefiles/generated/P1f2_Plot_1.shp
7,CA,4,4,,,-2.61118497,52.91318471,S170,170,9,P1f2_Plot_1,/Users/u1764794/Library/CloudStorage/OneDrive-HarperAdamsUniversity/QGIS/250 RP/Shapefiles/generated/P1f2_Plot_1.shp
7,CA,4,5,,,-2.61125289,52.91311681,S171,171,4,P1f2_Plot_1,/Users/u1764794/Library/CloudStorage/OneDrive-HarperAdamsUniversity/QGIS/250 RP/Shapefiles/generated/P1f2_Plot_1.shp
7,CA,4,5,,,-2.61137351,52.91309894,S172,172,0,P1f2_Plot_1,/Users/u1764794/Library/CloudStorage/OneDrive-HarperAdamsUniversity/QGIS/250 RP/Shapefiles/generated/P1f2_Plot_1.shp
7,CA,4,5,,,-2.61150515,52.91305053,S173,173,2,P1f2_Plot_1,/Users/u1764794/Library/CloudStorage/OneDrive-HarperAdamsUniversity/QGIS/250 RP/Shapefiles/generated/P1f2_Plot_1.shp
7,CA,4,5,,,-2.61174411,52.91278595,S174,174,3,P1f2_Plot_1,/Users/u1764794/Library/CloudStorage/OneDrive-HarperAdamsUniversity/QGIS/250 RP/Shapefiles/generated/P1f2_Plot_1.shp
7,CA,4,5,,,-2.61206523,52.91275039,S175,175,1,P1f2_Plot_1,/Users/u1764794/Library/CloudStorage/OneDrive-HarperAdamsUniversity/QGIS/250 RP/Shapefiles/generated/P1f2_Plot_1.shp
8,CON,4,5,,,-2.61237065,52.91292108,S176,176,7,P1f2_Plot_2,/Users/u1764794/Library/CloudStorage/OneDrive-HarperAdamsUniversity/QGIS/250 RP/Shapefiles/generated/P1f2_Plot_2.shp
8,CON,4,5,,,-2.61193212,52.91301373,S177,177,5,P1f2_Plot_2,/Users/u1764794/Library/CloudStorage/OneDrive-HarperAdamsUniversity/QGIS/250 RP/Shapefiles/generated/P1f2_Plot_2.shp
8,CON,4,5,,,-2.61176809,52.91317808,S178,178,6,P1f2_Plot_2,/Users/u1764794/Library/CloudStorage/OneDrive-HarperAdamsUniversity/QGIS/250 RP/Shapefiles/generated/P1f2_Plot_2.shp
8,CON,4,5,,,-2.61159848,52.91315571,S179,179,8,P1f2_Plot_2,/Users/u1764794/Library/CloudStorage/OneDrive-HarperAdamsUniversity/QGIS/250 RP/Shapefiles/generated/P1f2_Plot_2.shp
8,CON,4,5,,,-2.61174944,52.91323749,S180,180,9,P1f2_Plot_2,/Users/u1764794/Library/CloudStorage/OneDrive-HarperAdamsUniversity/QGIS/250 RP/Shapefiles/generated/P1f2_Plot_2.shp
8,CON,4,4,,,-2.61109278,52.91337827,S181,181,13,P1f2_Plot_2,/Users/u1764794/Library/CloudStorage/OneDrive-HarperAdamsUniversity/QGIS/250 RP/Shapefiles/generated/P1f2_Plot_2.shp
8,CON,4,4,,,-2.61112945,52.9134682,S182,182,12,P1f2_Plot_2,/Users/u1764794/Library/CloudStorage/OneDrive-HarperAdamsUniversity/QGIS/250 RP/Shapefiles/generated/P1f2_Plot_2.shp
8,CON,4,4,,,-2.61029275,52.91383847,S183,183,14,P1f2_Plot_2,/Users/u1764794/Library/CloudStorage/OneDrive-HarperAdamsUniversity/QGIS/250 RP/Shapefiles/generated/P1f2_Plot_2.shp
8,CON,4,4,,,-2.61014405,52.91387329,S184,184,11,P1f2_Plot_2,/Users/u1764794/Library/CloudStorage/OneDrive-HarperAdamsUniversity/QGIS/250 RP/Shapefiles/generated/P1f2_Plot_2.shp
8,CON,4,4,,,-2.60985959,52.91401637,S185,185,10,P1f2_Plot_2,/Users/u1764794/Library/CloudStorage/OneDrive-HarperAdamsUniversity/QGIS/250 RP/Shapefiles/generated/P1f2_Plot_2.shp
8,CON,3,3,,,-2.60940362,52.91421718,S186,186,3,P1f2_Plot_2,/Users/u1764794/Library/CloudStorage/OneDrive-HarperAdamsUniversity/QGIS/250 RP/Shapefiles/generated/P1f2_Plot_2.shp
8,CON,3,3,,,-2.60928626,52.91425977,S187,187,0,P1f2_Plot_2,/Users/u1764794/Library/CloudStorage/OneDrive-HarperAdamsUniversity/QGIS/250 RP/Shapefiles/generated/P1f2_Plot_2.shp
8,CON,3,3,,,-2.60919877,52.91430625,S188,188,2,P1f2_Plot_2,/Users/u1764794/Library/CloudStorage/OneDrive-HarperAdamsUniversity/QGIS/250 RP/Shapefiles/generated/P1f2_Plot_2.shp
8,CON,3,3,,,-2.60936758,52.91437751,S189,189,1,P1f2_Plot_2,/Users/u1764794/Library/CloudStorage/OneDrive-HarperAdamsUniversity/QGIS/250 RP/Shapefiles/generated/P1f2_Plot_2.shp
8,CON,3,3,,,-2.60920404,52.91437559,S190,190,4,P1f2_Plot_2,/Users/u1764794/Library/CloudStorage/OneDrive-HarperAdamsUniversity/QGIS/250 RP/Shapefiles/generated/P1f2_Plot_2.shp
8,CON,5,2,,,-2.60912587,52.91438616,S191,191,24,P1f2_Plot_2,/Users/u1764794/Library/CloudStorage/OneDrive-HarperAdamsUniversity/QGIS/250 RP/Shapefiles/generated/P1f2_Plot_2.shp
8,CON,5,2,,,-2.6091211,52.91433483,S192,192,22,P1f2_Plot_2,/Users/u1764794/Library/CloudStorage/OneDrive-HarperAdamsUniversity/QGIS/250 RP/Shapefiles/generated/P1f2_Plot_2.shp
8,CON,5,2,,,-2.60920743,52.91447089,S193,193,20,P1f2_Plot_2,/Users/u1764794/Library/CloudStorage/OneDrive-HarperAdamsUniversity/QGIS/250 RP/Shapefiles/generated/P1f2_Plot_2.shp
8,CON,5,2,,,-2.60888236,52.91447639,S194,194,23,P1f2_Plot_2,/Users/u1764794/Library/CloudStorage/OneDrive-HarperAdamsUniversity/QGIS/250 RP/Shapefiles/generated/P1f2_Plot_2.shp
8,CON,5,2,,,-2.60889162,52.91461476,S195,195,21,P1f2_Plot_2,/Users/u1764794/Library/CloudStorage/OneDrive-HarperAdamsUniversity/QGIS/250 RP/Shapefiles/generated/P1f2_Plot_2.shp
8,CON,7,1,,,-2.6087812,52.91458592,S196,196,15,P1f2_Plot_2,/Users/u1764794/Library/CloudStorage/OneDrive-HarperAdamsUniversity/QGIS/250 RP/Shapefiles/generated/P1f2_Plot_2.shp
8,CON,7,1,,,-2.60886719,52.91466208,S197,197,17,P1f2_Plot_2,/Users/u1764794/Library/CloudStorage/OneDrive-HarperAdamsUniversity/QGIS/250 RP/Shapefiles/generated/P1f2_Plot_2.shp
8,CON,7,1,,,-2.60880934,52.91471138,S198,198,19,P1f2_Plot_2,/Users/u1764794/Library/CloudStorage/OneDrive-HarperAdamsUniversity/QGIS/250 RP/Shapefiles/generated/P1f2_Plot_2.shp
8,CON,7,1,,,-2.60866838,52.91473124,S199,199,18,P1f2_Plot_2,/Users/u1764794/Library/CloudStorage/OneDrive-HarperAdamsUniversity/QGIS/250 RP/Shapefiles/generated/P1f2_Plot_2.shp
8,CON,7,1,,,-2.60851254,52.91474912,S200,200,16,P1f2_Plot_2,/Users/u1764794/Library/CloudStorage/OneDrive-HarperAdamsUniversity/QGIS/250 RP/Shapefiles/generated/P1f2_Plot_2.shp
9,CA,8,1,,,-2.60882623,52.91486601,S201,201,8,P1f2_Plot_3,/Users/u1764794/Library/CloudStorage/OneDrive-HarperAdamsUniversity/QGIS/250 RP/Shapefiles/generated/P1f2_Plot_3.shp
9,CA,8,1,,,-2.60883079,52.91491188,S202,202,6,P1f2_Plot_3,/Users/u1764794/Library/CloudStorage/OneDrive-HarperAdamsUniversity/QGIS/250 RP/Shapefiles/generated/P1f2_Plot_3.shp
9,CA,8,1,,,-2.60872567,52.91484374,S203,203,5,P1f2_Plot_3,/Users/u1764794/Library/CloudStorage/OneDrive-HarperAdamsUniversity/QGIS/250 RP/Shapefiles/generated/P1f2_Plot_3.shp
9,CA,8,1,,,-2.60908257,52.91482619,S204,204,9,P1f2_Plot_3,/Users/u1764794/Library/CloudStorage/OneDrive-HarperAdamsUniversity/QGIS/250 RP/Shapefiles/generated/P1f2_Plot_3.shp
9,CA,8,1,,,-2.60900559,52.91470083,S205,205,7,P1f2_Plot_3,/Users/u1764794/Library/CloudStorage/OneDrive-HarperAdamsUniversity/QGIS/250 RP/Shapefiles/generated/P1f2_Plot_3.shp
9,CA,6,2,,,-2.60919044,52.91465821,S206,206,0,P1f2_Plot_3,/Users/u1764794/Library/CloudStorage/OneDrive-HarperAdamsUniversity/QGIS/250 RP/Shapefiles/generated/P1f2_Plot_3.shp
9,CA,6,2,,,-2.60924044,52.91471489,S207,207,3,P1f2_Plot_3,/Users/u1764794/Library/CloudStorage/OneDrive-HarperAdamsUniversity/QGIS/250 RP/Shapefiles/generated/P1f2_Plot_3.shp
9,CA,6,2,,,-2.60934382,52.9145568,S208,208,4,P1f2_Plot_3,/Users/u1764794/Library/CloudStorage/OneDrive-HarperAdamsUniversity/QGIS/250 RP/Shapefiles/generated/P1f2_Plot_3.shp
9,CA,6,2,,,-2.60949926,52.91454557,S209,209,1,P1f2_Plot_3,/Users/u1764794/Library/CloudStorage/OneDrive-HarperAdamsUniversity/QGIS/250 RP/Shapefiles/generated/P1f2_Plot_3.shp
9,CA,6,2,,,-2.60959593,52.914592,S210,210,2,P1f2_Plot_3,/Users/u1764794/Library/CloudStorage/OneDrive-HarperAdamsUniversity/QGIS/250 RP/Shapefiles/generated/P1f2_Plot_3.shp
9,CA,4,3,,,-2.609674,52.91455841,S211,211,14,P1f2_Plot_3,/Users/u1764794/Library/CloudStorage/OneDrive-HarperAdamsUniversity/QGIS/250 RP/Shapefiles/generated/P1f2_Plot_3.shp
9,CA,4,3,,,-2.609546,52.91445272,S212,212,12,P1f2_Plot_3,/Users/u1764794/Library/CloudStorage/OneDrive-HarperAdamsUniversity/QGIS/250 RP/Shapefiles/generated/P1f2_Plot_3.shp
9,CA,4,3,,,-2.61006909,52.91429724,S213,213,13,P1f2_Plot_3,/Users/u1764794/Library/CloudStorage/OneDrive-HarperAdamsUniversity/QGIS/250 RP/Shapefiles/generated/P1f2_Plot_3.shp
9,CA,4,3,,,-2.61015906,52.91432096,S214,214,11,P1f2_Plot_3,/Users/u1764794/Library/CloudStorage/OneDrive-HarperAdamsUniversity/QGIS/250 RP/Shapefiles/generated/P1f2_Plot_3.shp
9,CA,4,3,,,-2.61018304,52.9142226,S215,215,10,P1f2_Plot_3,/Users/u1764794/Library/CloudStorage/OneDrive-HarperAdamsUniversity/QGIS/250 RP/Shapefiles/generated/P1f2_Plot_3.shp
9,CA,3,4,,,-2.61059953,52.91391754,S216,216,20,P1f2_Plot_3,/Users/u1764794/Library/CloudStorage/OneDrive-HarperAdamsUniversity/QGIS/250 RP/Shapefiles/generated/P1f2_Plot_3.shp
9,CA,3,4,,,-2.61087458,52.91376978,S217,217,22,P1f2_Plot_3,/Users/u1764794/Library/CloudStorage/OneDrive-HarperAdamsUniversity/QGIS/250 RP/Shapefiles/generated/P1f2_Plot_3.shp
9,CA,3,4,,,-2.61121839,52.91379592,S218,218,23,P1f2_Plot_3,/Users/u1764794/Library/CloudStorage/OneDrive-HarperAdamsUniversity/QGIS/250 RP/Shapefiles/generated/P1f2_Plot_3.shp
9,CA,3,4,,,-2.61107451,52.91369243,S219,219,24,P1f2_Plot_3,/Users/u1764794/Library/CloudStorage/OneDrive-HarperAdamsUniversity/QGIS/250 RP/Shapefiles/generated/P1f2_Plot_3.shp
9,CA,3,4,,,-2.61138321,52.91354473,S220,220,21,P1f2_Plot_3,/Users/u1764794/Library/CloudStorage/OneDrive-HarperAdamsUniversity/QGIS/250 RP/Shapefiles/generated/P1f2_Plot_3.shp
9,CA,4,5,,,-2.61140465,52.91360895,S221,221,17,P1f2_Plot_3,/Users/u1764794/Library/CloudStorage/OneDrive-HarperAdamsUniversity/QGIS/250 RP/Shapefiles/generated/P1f2_Plot_3.shp
9,CA,4,5,,,-2.6117919,52.91345924,S222,222,15,P1f2_Plot_3,/Users/u1764794/Library/CloudStorage/OneDrive-HarperAdamsUniversity/QGIS/250 RP/Shapefiles/generated/P1f2_Plot_3.shp
9,CA,4,5,,,-2.61166641,52.91340229,S223,223,18,P1f2_Plot_3,/Users/u1764794/Library/CloudStorage/OneDrive-HarperAdamsUniversity/QGIS/250 RP/Shapefiles/generated/P1f2_Plot_3.shp
9,CA,4,5,,,-2.61191721,52.91331116,S224,224,19,P1f2_Plot_3,/Users/u1764794/Library/CloudStorage/OneDrive-HarperAdamsUniversity/QGIS/250 RP/Shapefiles/generated/P1f2_Plot_3.shp
9,CA,4,5,,,-2.61198154,52.91328239,S225,225,16,P1f2_Plot_3,/Users/u1764794/Library/CloudStorage/OneDrive-HarperAdamsUniversity/QGIS/250 RP/Shapefiles/generated/P1f2_Plot_3.shp
10,CON,4,5,,,-2.6127584,52.9131921,S226,226,15,P1f2_Plot_4,/Users/u1764794/Library/CloudStorage/OneDrive-HarperAdamsUniversity/QGIS/250 RP/Shapefiles/generated/P1f2_Plot_4.shp
10,CON,4,5,,,-2.61265463,52.91331517,S227,227,19,P1f2_Plot_4,/Users/u1764794/Library/CloudStorage/OneDrive-HarperAdamsUniversity/QGIS/250 RP/Shapefiles/generated/P1f2_Plot_4.shp
10,CON,4,5,,,-2.61235244,52.91340546,S228,228,16,P1f2_Plot_4,/Users/u1764794/Library/CloudStorage/OneDrive-HarperAdamsUniversity/QGIS/250 RP/Shapefiles/generated/P1f2_Plot_4.shp
10,CON,4,5,,,-2.61208396,52.91349043,S229,229,17,P1f2_Plot_4,/Users/u1764794/Library/CloudStorage/OneDrive-HarperAdamsUniversity/QGIS/250 RP/Shapefiles/generated/P1f2_Plot_4.shp
10,CON,4,5,,,-2.61216987,52.91354025,S230,230,18,P1f2_Plot_4,/Users/u1764794/Library/CloudStorage/OneDrive-HarperAdamsUniversity/QGIS/250 RP/Shapefiles/generated/P1f2_Plot_4.shp
10,CON,3,4,,,-2.61152586,52.91374808,S231,231,23,P1f2_Plot_4,/Users/u1764794/Library/CloudStorage/OneDrive-HarperAdamsUniversity/QGIS/250 RP/Shapefiles/generated/P1f2_Plot_4.shp
10,CON,3,4,,,-2.6113452,52.91385394,S232,232,21,P1f2_Plot_4,/Users/u1764794/Library/CloudStorage/OneDrive-HarperAdamsUniversity/QGIS/250 RP/Shapefiles/generated/P1f2_Plot_4.shp
10,CON,3,4,,,-2.61132036,52.91392023,S233,233,22,P1f2_Plot_4,/Users/u1764794/Library/CloudStorage/OneDrive-HarperAdamsUniversity/QGIS/250 RP/Shapefiles/generated/P1f2_Plot_4.shp
10,CON,3,4,,,-2.61104883,52.91395887,S234,234,20,P1f2_Plot_4,/Users/u1764794/Library/CloudStorage/OneDrive-HarperAdamsUniversity/QGIS/250 RP/Shapefiles/generated/P1f2_Plot_4.shp
10,CON,3,4,,,-2.61080668,52.91410248,S235,235,24,P1f2_Plot_4,/Users/u1764794/Library/CloudStorage/OneDrive-HarperAdamsUniversity/QGIS/250 RP/Shapefiles/generated/P1f2_Plot_4.shp
10,CON,4,3,,,-2.61039606,52.91441508,S236,236,11,P1f2_Plot_4,/Users/u1764794/Library/CloudStorage/OneDrive-HarperAdamsUniversity/QGIS/250 RP/Shapefiles/generated/P1f2_Plot_4.shp
10,CON,4,3,,,-2.61026479,52.91451128,S237,237,14,P1f2_Plot_4,/Users/u1764794/Library/CloudStorage/OneDrive-HarperAdamsUniversity/QGIS/250 RP/Shapefiles/generated/P1f2_Plot_4.shp
10,CON,4,3,,,-2.6101282,52.91457509,S238,238,13,P1f2_Plot_4,/Users/u1764794/Library/CloudStorage/OneDrive-HarperAdamsUniversity/QGIS/250 RP/Shapefiles/generated/P1f2_Plot_4.shp
10,CON,4,3,,,-2.60986895,52.91457981,S239,239,10,P1f2_Plot_4,/Users/u1764794/Library/CloudStorage/OneDrive-HarperAdamsUniversity/QGIS/250 RP/Shapefiles/generated/P1f2_Plot_4.shp
10,CON,4,3,,,-2.60985862,52.91463014,S240,240,12,P1f2_Plot_4,/Users/u1764794/Library/CloudStorage/OneDrive-HarperAdamsUniversity/QGIS/250 RP/Shapefiles/generated/P1f2_Plot_4.shp
10,CON,6,2,,,-2.60984365,52.91471595,S241,241,1,P1f2_Plot_4,/Users/u1764794/Library/CloudStorage/OneDrive-HarperAdamsUniversity/QGIS/250 RP/Shapefiles/generated/P1f2_Plot_4.shp
10,CON,6,2,,,-2.60968915,52.91480158,S242,242,3,P1f2_Plot_4,/Users/u1764794/Library/CloudStorage/OneDrive-HarperAdamsUniversity/QGIS/250 RP/Shapefiles/generated/P1f2_Plot_4.shp
10,CON,6,2,,,-2.60953983,52.91480664,S243,243,2,P1f2_Plot_4,/Users/u1764794/Library/CloudStorage/OneDrive-HarperAdamsUniversity/QGIS/250 RP/Shapefiles/generated/P1f2_Plot_4.shp
10,CON,6,2,,,-2.60946185,52.91488862,S244,244,0,P1f2_Plot_4,/Users/u1764794/Library/CloudStorage/OneDrive-HarperAdamsUniversity/QGIS/250 RP/Shapefiles/generated/P1f2_Plot_4.shp
10,CON,6,2,,,-2.60934008,52.91485777,S245,245,4,P1f2_Plot_4,/Users/u1764794/Library/CloudStorage/OneDrive-HarperAdamsUniversity/QGIS/250 RP/Shapefiles/generated/P1f2_Plot_4.shp
10,CON,8,1,,,-2.60930239,52.91492783,S246,246,9,P1f2_Plot_4,/Users/u1764794/Library/CloudStorage/OneDrive-HarperAdamsUniversity/QGIS/250 RP/Shapefiles/generated/P1f2_Plot_4.shp
10,CON,8,1,,,-2.60922597,52.91488609,S247,247,6,P1f2_Plot_4,/Users/u1764794/Library/CloudStorage/OneDrive-HarperAdamsUniversity/QGIS/250 RP/Shapefiles/generated/P1f2_Plot_4.shp
10,CON,8,1,,,-2.60915296,52.91494366,S248,248,5,P1f2_Plot_4,/Users/u1764794/Library/CloudStorage/OneDrive-HarperAdamsUniversity/QGIS/250 RP/Shapefiles/generated/P1f2_Plot_4.shp
10,CON,8,1,,,-2.6092517,52.91503621,S249,249,7,P1f2_Plot_4,/Users/u1764794/Library/CloudStorage/OneDrive-HarperAdamsUniversity/QGIS/250 RP/Shapefiles/generated/P1f2_Plot_4.shp
10,CON,8,1,,,-2.60912387,52.91501577,S250,250,8,P1f2_Plot_4,/Users/u1764794/Library/CloudStorage/OneDrive-HarperAdamsUniversity/QGIS/250 RP/Shapefiles/generated/P1f2_Plot_4.shp